Web Search interest: Snowboard; Surfboard
Worldwide; 2004 - present

Interest over time
Week,Snowboard,Surfboard
2004-01-04 - 2004-01-10,100,28
2004-01-11 - 2004-01-17,87,29
2004-01-18 - 2004-01-24,95,29
2004-01-25 - 2004-01-31,89,28
2004-02-01 - 2004-02-07,79,26
2004-02-08 - 2004-02-14,67,25
2004-02-15 - 2004-02-21,65,30
2004-02-22 - 2004-02-28,62,25
2004-02-29 - 2004-03-06,56,24
2004-03-07 - 2004-03-13,50,26
2004-03-14 - 2004-03-20,37,27
2004-03-21 - 2004-03-27,34,29
2004-03-28 - 2004-04-03,27,30
2004-04-04 - 2004-04-10,23,31
2004-04-11 - 2004-04-17,22,27
2004-04-18 - 2004-04-24,20,29
2004-04-25 - 2004-05-01,19,30
2004-05-02 - 2004-05-08,15,33
2004-05-09 - 2004-05-15,16,31
2004-05-16 - 2004-05-22,16,37
2004-05-23 - 2004-05-29,18,34
2004-05-30 - 2004-06-05,17,39
2004-06-06 - 2004-06-12,14,35
2004-06-13 - 2004-06-19,15,35
2004-06-20 - 2004-06-26,17,36
2004-06-27 - 2004-07-03,16,35
2004-07-04 - 2004-07-10,17,39
2004-07-11 - 2004-07-17,21,37
2004-07-18 - 2004-07-24,20,41
2004-07-25 - 2004-07-31,21,40
2004-08-01 - 2004-08-07,25,40
2004-08-08 - 2004-08-14,24,40
2004-08-15 - 2004-08-21,25,39
2004-08-22 - 2004-08-28,28,36
2004-08-29 - 2004-09-04,31,38
2004-09-05 - 2004-09-11,33,35
2004-09-12 - 2004-09-18,33,34
2004-09-19 - 2004-09-25,40,31
2004-09-26 - 2004-10-02,42,28
2004-10-03 - 2004-10-09,47,30
2004-10-10 - 2004-10-16,55,27
2004-10-17 - 2004-10-23,58,25
2004-10-24 - 2004-10-30,59,25
2004-10-31 - 2004-11-06,62,24
2004-11-07 - 2004-11-13,71,26
2004-11-14 - 2004-11-20,76,24
2004-11-21 - 2004-11-27,76,25
2004-11-28 - 2004-12-04,84,25
2004-12-05 - 2004-12-11,85,26
2004-12-12 - 2004-12-18,84,28
2004-12-19 - 2004-12-25,88,27
2004-12-26 - 2005-01-01,91,25
2005-01-02 - 2005-01-08,77,25
2005-01-09 - 2005-01-15,74,24
2005-01-16 - 2005-01-22,70,27
2005-01-23 - 2005-01-29,71,25
2005-01-30 - 2005-02-05,72,26
2005-02-06 - 2005-02-12,61,24
2005-02-13 - 2005-02-19,55,24
2005-02-20 - 2005-02-26,58,23
2005-02-27 - 2005-03-05,53,25
2005-03-06 - 2005-03-12,45,25
2005-03-13 - 2005-03-19,37,23
2005-03-20 - 2005-03-26,30,31
2005-03-27 - 2005-04-02,24,29
2005-04-03 - 2005-04-09,22,25
2005-04-10 - 2005-04-16,18,26
2005-04-17 - 2005-04-23,15,28
2005-04-24 - 2005-04-30,15,27
2005-05-01 - 2005-05-07,14,27
2005-05-08 - 2005-05-14,14,28
2005-05-15 - 2005-05-21,13,28
2005-05-22 - 2005-05-28,12,29
2005-05-29 - 2005-06-04,14,31
2005-06-05 - 2005-06-11,14,30
2005-06-12 - 2005-06-18,13,33
2005-06-19 - 2005-06-25,13,31
2005-06-26 - 2005-07-02,13,33
2005-07-03 - 2005-07-09,13,30
2005-07-10 - 2005-07-16,16,34
2005-07-17 - 2005-07-23,17,34
2005-07-24 - 2005-07-30,19,36
2005-07-31 - 2005-08-06,20,32
2005-08-07 - 2005-08-13,23,34
2005-08-14 - 2005-08-20,22,34
2005-08-21 - 2005-08-27,25,32
2005-08-28 - 2005-09-03,26,34
2005-09-04 - 2005-09-10,29,29
2005-09-11 - 2005-09-17,30,28
2005-09-18 - 2005-09-24,34,28
2005-09-25 - 2005-10-01,35,24
2005-10-02 - 2005-10-08,36,23
2005-10-09 - 2005-10-15,44,22
2005-10-16 - 2005-10-22,45,24
2005-10-23 - 2005-10-29,46,24
2005-10-30 - 2005-11-05,52,22
2005-11-06 - 2005-11-12,59,23
2005-11-13 - 2005-11-19,64,22
2005-11-20 - 2005-11-26,70,23
2005-11-27 - 2005-12-03,83,24
2005-12-04 - 2005-12-10,92,29
2005-12-11 - 2005-12-17,88,26
2005-12-18 - 2005-12-24,84,24
2005-12-25 - 2005-12-31,83,27
2006-01-01 - 2006-01-07,75,23
2006-01-08 - 2006-01-14,73,23
2006-01-15 - 2006-01-21,64,23
2006-01-22 - 2006-01-28,59,23
2006-01-29 - 2006-02-04,61,23
2006-02-05 - 2006-02-11,56,22
2006-02-12 - 2006-02-18,76,20
2006-02-19 - 2006-02-25,65,23
2006-02-26 - 2006-03-04,54,22
2006-03-05 - 2006-03-11,46,21
2006-03-12 - 2006-03-18,36,21
2006-03-19 - 2006-03-25,32,19
2006-03-26 - 2006-04-01,25,21
2006-04-02 - 2006-04-08,20,20
2006-04-09 - 2006-04-15,19,21
2006-04-16 - 2006-04-22,17,21
2006-04-23 - 2006-04-29,15,24
2006-04-30 - 2006-05-06,13,23
2006-05-07 - 2006-05-13,11,24
2006-05-14 - 2006-05-20,12,23
2006-05-21 - 2006-05-27,12,23
2006-05-28 - 2006-06-03,11,25
2006-06-04 - 2006-06-10,10,25
2006-06-11 - 2006-06-17,11,25
2006-06-18 - 2006-06-24,11,25
2006-06-25 - 2006-07-01,12,27
2006-07-02 - 2006-07-08,12,28
2006-07-09 - 2006-07-15,13,30
2006-07-16 - 2006-07-22,14,32
2006-07-23 - 2006-07-29,16,31
2006-07-30 - 2006-08-05,18,31
2006-08-06 - 2006-08-12,19,27
2006-08-13 - 2006-08-19,21,26
2006-08-20 - 2006-08-26,22,27
2006-08-27 - 2006-09-02,25,25
2006-09-03 - 2006-09-09,25,24
2006-09-10 - 2006-09-16,27,23
2006-09-17 - 2006-09-23,29,24
2006-09-24 - 2006-09-30,32,22
2006-10-01 - 2006-10-07,34,20
2006-10-08 - 2006-10-14,35,20
2006-10-15 - 2006-10-21,41,19
2006-10-22 - 2006-10-28,44,20
2006-10-29 - 2006-11-04,46,20
2006-11-05 - 2006-11-11,52,19
2006-11-12 - 2006-11-18,56,20
2006-11-19 - 2006-11-25,58,20
2006-11-26 - 2006-12-02,59,20
2006-12-03 - 2006-12-09,62,18
2006-12-10 - 2006-12-16,61,20
2006-12-17 - 2006-12-23,58,19
2006-12-24 - 2006-12-30,59,19
2006-12-31 - 2007-01-06,53,20
2007-01-07 - 2007-01-13,44,17
2007-01-14 - 2007-01-20,43,18
2007-01-21 - 2007-01-27,48,19
2007-01-28 - 2007-02-03,51,18
2007-02-04 - 2007-02-10,44,18
2007-02-11 - 2007-02-17,41,18
2007-02-18 - 2007-02-24,42,18
2007-02-25 - 2007-03-03,34,18
2007-03-04 - 2007-03-10,31,18
2007-03-11 - 2007-03-17,23,19
2007-03-18 - 2007-03-24,20,18
2007-03-25 - 2007-03-31,17,19
2007-04-01 - 2007-04-07,14,17
2007-04-08 - 2007-04-14,12,19
2007-04-15 - 2007-04-21,11,20
2007-04-22 - 2007-04-28,10,21
2007-04-29 - 2007-05-05,9,22
2007-05-06 - 2007-05-12,10,20
2007-05-13 - 2007-05-19,9,21
2007-05-20 - 2007-05-26,8,22
2007-05-27 - 2007-06-02,9,22
2007-06-03 - 2007-06-09,9,22
2007-06-10 - 2007-06-16,10,23
2007-06-17 - 2007-06-23,10,22
2007-06-24 - 2007-06-30,10,24
2007-07-01 - 2007-07-07,10,26
2007-07-08 - 2007-07-14,11,25
2007-07-15 - 2007-07-21,12,26
2007-07-22 - 2007-07-28,13,28
2007-07-29 - 2007-08-04,13,27
2007-08-05 - 2007-08-11,14,26
2007-08-12 - 2007-08-18,15,26
2007-08-19 - 2007-08-25,17,25
2007-08-26 - 2007-09-01,17,24
2007-09-02 - 2007-09-08,17,22
2007-09-09 - 2007-09-15,19,21
2007-09-16 - 2007-09-22,21,19
2007-09-23 - 2007-09-29,23,18
2007-09-30 - 2007-10-06,24,18
2007-10-07 - 2007-10-13,26,18
2007-10-14 - 2007-10-20,28,17
2007-10-21 - 2007-10-27,29,16
2007-10-28 - 2007-11-03,31,18
2007-11-04 - 2007-11-10,37,17
2007-11-11 - 2007-11-17,42,16
2007-11-18 - 2007-11-24,48,18
2007-11-25 - 2007-12-01,49,18
2007-12-02 - 2007-12-08,54,17
2007-12-09 - 2007-12-15,54,18
2007-12-16 - 2007-12-22,57,18
2007-12-23 - 2007-12-29,59,17
2007-12-30 - 2008-01-05,58,17
2008-01-06 - 2008-01-12,50,18
2008-01-13 - 2008-01-19,44,17
2008-01-20 - 2008-01-26,42,17
2008-01-27 - 2008-02-02,42,17
2008-02-03 - 2008-02-09,37,17
2008-02-10 - 2008-02-16,34,17
2008-02-17 - 2008-02-23,34,17
2008-02-24 - 2008-03-01,30,17
2008-03-02 - 2008-03-08,28,17
2008-03-09 - 2008-03-15,22,17
2008-03-16 - 2008-03-22,19,16
2008-03-23 - 2008-03-29,19,18
2008-03-30 - 2008-04-05,15,16
2008-04-06 - 2008-04-12,12,17
2008-04-13 - 2008-04-19,10,17
2008-04-20 - 2008-04-26,9,18
2008-04-27 - 2008-05-03,9,19
2008-05-04 - 2008-05-10,8,19
2008-05-11 - 2008-05-17,8,19
2008-05-18 - 2008-05-24,7,19
2008-05-25 - 2008-05-31,8,19
2008-06-01 - 2008-06-07,8,18
2008-06-08 - 2008-06-14,8,20
2008-06-15 - 2008-06-21,7,19
2008-06-22 - 2008-06-28,8,21
2008-06-29 - 2008-07-05,8,21
2008-07-06 - 2008-07-12,9,22
2008-07-13 - 2008-07-19,10,22
2008-07-20 - 2008-07-26,10,22
2008-07-27 - 2008-08-02,10,23
2008-08-03 - 2008-08-09,12,23
2008-08-10 - 2008-08-16,12,21
2008-08-17 - 2008-08-23,13,21
2008-08-24 - 2008-08-30,15,19
2008-08-31 - 2008-09-06,16,20
2008-09-07 - 2008-09-13,16,18
2008-09-14 - 2008-09-20,18,18
2008-09-21 - 2008-09-27,20,16
2008-09-28 - 2008-10-04,24,17
2008-10-05 - 2008-10-11,23,17
2008-10-12 - 2008-10-18,24,16
2008-10-19 - 2008-10-25,26,14
2008-10-26 - 2008-11-01,28,15
2008-11-02 - 2008-11-08,30,15
2008-11-09 - 2008-11-15,34,15
2008-11-16 - 2008-11-22,38,16
2008-11-23 - 2008-11-29,44,15
2008-11-30 - 2008-12-06,47,16
2008-12-07 - 2008-12-13,51,15
2008-12-14 - 2008-12-20,51,15
2008-12-21 - 2008-12-27,57,15
2008-12-28 - 2009-01-03,53,15
2009-01-04 - 2009-01-10,55,15
2009-01-11 - 2009-01-17,46,15
2009-01-18 - 2009-01-24,42,16
2009-01-25 - 2009-01-31,39,16
2009-02-01 - 2009-02-07,38,15
2009-02-08 - 2009-02-14,33,14
2009-02-15 - 2009-02-21,33,14
2009-02-22 - 2009-02-28,30,15
2009-03-01 - 2009-03-07,26,15
2009-03-08 - 2009-03-14,20,15
2009-03-15 - 2009-03-21,17,15
2009-03-22 - 2009-03-28,14,15
2009-03-29 - 2009-04-04,13,15
2009-04-05 - 2009-04-11,11,16
2009-04-12 - 2009-04-18,10,16
2009-04-19 - 2009-04-25,9,16
2009-04-26 - 2009-05-02,8,17
2009-05-03 - 2009-05-09,8,16
2009-05-10 - 2009-05-16,7,18
2009-05-17 - 2009-05-23,7,17
2009-05-24 - 2009-05-30,8,17
2009-05-31 - 2009-06-06,7,18
2009-06-07 - 2009-06-13,8,17
2009-06-14 - 2009-06-20,8,19
2009-06-21 - 2009-06-27,8,18
2009-06-28 - 2009-07-04,7,19
2009-07-05 - 2009-07-11,9,20
2009-07-12 - 2009-07-18,9,21
2009-07-19 - 2009-07-25,9,22
2009-07-26 - 2009-08-01,11,22
2009-08-02 - 2009-08-08,11,23
2009-08-09 - 2009-08-15,11,22
2009-08-16 - 2009-08-22,12,21
2009-08-23 - 2009-08-29,13,20
2009-08-30 - 2009-09-05,14,20
2009-09-06 - 2009-09-12,14,18
2009-09-13 - 2009-09-19,16,17
2009-09-20 - 2009-09-26,16,17
2009-09-27 - 2009-10-03,17,15
2009-10-04 - 2009-10-10,20,15
2009-10-11 - 2009-10-17,23,15
2009-10-18 - 2009-10-24,23,14
2009-10-25 - 2009-10-31,24,14
2009-11-01 - 2009-11-07,26,14
2009-11-08 - 2009-11-14,29,14
2009-11-15 - 2009-11-21,30,15
2009-11-22 - 2009-11-28,31,15
2009-11-29 - 2009-12-05,34,15
2009-12-06 - 2009-12-12,40,15
2009-12-13 - 2009-12-19,43,15
2009-12-20 - 2009-12-26,48,15
2009-12-27 - 2010-01-02,41,15
2010-01-03 - 2010-01-09,45,15
2010-01-10 - 2010-01-16,42,15
2010-01-17 - 2010-01-23,37,14
2010-01-24 - 2010-01-30,34,14
2010-01-31 - 2010-02-06,35,14
2010-02-07 - 2010-02-13,35,14
2010-02-14 - 2010-02-20,52,14
2010-02-21 - 2010-02-27,38,13
2010-02-28 - 2010-03-06,29,13
2010-03-07 - 2010-03-13,22,14
2010-03-14 - 2010-03-20,17,14
2010-03-21 - 2010-03-27,14,15
2010-03-28 - 2010-04-03,12,15
2010-04-04 - 2010-04-10,11,15
2010-04-11 - 2010-04-17,9,15
2010-04-18 - 2010-04-24,8,15
2010-04-25 - 2010-05-01,7,15
2010-05-02 - 2010-05-08,7,14
2010-05-09 - 2010-05-15,7,14
2010-05-16 - 2010-05-22,6,15
2010-05-23 - 2010-05-29,6,16
2010-05-30 - 2010-06-05,6,15
2010-06-06 - 2010-06-12,6,15
2010-06-13 - 2010-06-19,7,15
2010-06-20 - 2010-06-26,6,15
2010-06-27 - 2010-07-03,6,17
2010-07-04 - 2010-07-10,7,17
2010-07-11 - 2010-07-17,7,19
2010-07-18 - 2010-07-24,8,19
2010-07-25 - 2010-07-31,9,19
2010-08-01 - 2010-08-07,9,18
2010-08-08 - 2010-08-14,10,20
2010-08-15 - 2010-08-21,11,18
2010-08-22 - 2010-08-28,11,17
2010-08-29 - 2010-09-04,12,17
2010-09-05 - 2010-09-11,13,16
2010-09-12 - 2010-09-18,13,14
2010-09-19 - 2010-09-25,14,15
2010-09-26 - 2010-10-02,14,14
2010-10-03 - 2010-10-09,16,13
2010-10-10 - 2010-10-16,18,13
2010-10-17 - 2010-10-23,19,12
2010-10-24 - 2010-10-30,20,12
2010-10-31 - 2010-11-06,22,13
2010-11-07 - 2010-11-13,25,12
2010-11-14 - 2010-11-20,27,14
2010-11-21 - 2010-11-27,34,13
2010-11-28 - 2010-12-04,40,12
2010-12-05 - 2010-12-11,43,13
2010-12-12 - 2010-12-18,42,13
2010-12-19 - 2010-12-25,42,14
2010-12-26 - 2011-01-01,43,12
2011-01-02 - 2011-01-08,37,13
2011-01-09 - 2011-01-15,33,13
2011-01-16 - 2011-01-22,30,14
2011-01-23 - 2011-01-29,27,14
2011-01-30 - 2011-02-05,28,13
2011-02-06 - 2011-02-12,23,13
2011-02-13 - 2011-02-19,21,12
2011-02-20 - 2011-02-26,20,12
2011-02-27 - 2011-03-05,18,12
2011-03-06 - 2011-03-12,15,12
2011-03-13 - 2011-03-19,12,12
2011-03-20 - 2011-03-26,11,13
2011-03-27 - 2011-04-02,10,14
2011-04-03 - 2011-04-09,8,14
2011-04-10 - 2011-04-16,7,14
2011-04-17 - 2011-04-23,6,14
2011-04-24 - 2011-04-30,6,16
2011-05-01 - 2011-05-07,5,14
2011-05-08 - 2011-05-14,5,15
2011-05-15 - 2011-05-21,5,15
2011-05-22 - 2011-05-28,5,15
2011-05-29 - 2011-06-04,5,16
2011-06-05 - 2011-06-11,5,16
2011-06-12 - 2011-06-18,5,16
2011-06-19 - 2011-06-25,6,17
2011-06-26 - 2011-07-02,5,18
2011-07-03 - 2011-07-09,6,18
2011-07-10 - 2011-07-16,6,18
2011-07-17 - 2011-07-23,6,19
2011-07-24 - 2011-07-30,8,19
2011-07-31 - 2011-08-06,7,20
2011-08-07 - 2011-08-13,7,20
2011-08-14 - 2011-08-20,8,19
2011-08-21 - 2011-08-27,9,19
2011-08-28 - 2011-09-03,10,18
2011-09-04 - 2011-09-10,10,16
2011-09-11 - 2011-09-17,10,16
2011-09-18 - 2011-09-24,12,15
2011-09-25 - 2011-10-01,12,14
2011-10-02 - 2011-10-08,13,15
2011-10-09 - 2011-10-15,15,14
2011-10-16 - 2011-10-22,16,14
2011-10-23 - 2011-10-29,17,13
2011-10-30 - 2011-11-05,18,13
2011-11-06 - 2011-11-12,21,13
2011-11-13 - 2011-11-19,21,13
2011-11-20 - 2011-11-26,24,14
2011-11-27 - 2011-12-03,25,14
2011-12-04 - 2011-12-10,27,13
2011-12-11 - 2011-12-17,26,14
2011-12-18 - 2011-12-24,26,14
2011-12-25 - 2011-12-31,28,14
2012-01-01 - 2012-01-07,26,14
2012-01-08 - 2012-01-14,26,13
2012-01-15 - 2012-01-21,24,13
2012-01-22 - 2012-01-28,24,14
2012-01-29 - 2012-02-04,24,14
2012-02-05 - 2012-02-11,23,13
2012-02-12 - 2012-02-18,21,12
2012-02-19 - 2012-02-25,19,13
2012-02-26 - 2012-03-03,16,13
2012-03-04 - 2012-03-10,14,13
2012-03-11 - 2012-03-17,11,15
2012-03-18 - 2012-03-24,9,14
2012-03-25 - 2012-03-31,7,14
2012-04-01 - 2012-04-07,7,15
2012-04-08 - 2012-04-14,6,14
2012-04-15 - 2012-04-21,6,15
2012-04-22 - 2012-04-28,6,14
2012-04-29 - 2012-05-05,8,15
2012-05-06 - 2012-05-12,8,15
2012-05-13 - 2012-05-19,7,16
2012-05-20 - 2012-05-26,6,16
2012-05-27 - 2012-06-02,6,17
2012-06-03 - 2012-06-09,6,16
2012-06-10 - 2012-06-16,5,17
2012-06-17 - 2012-06-23,5,17
2012-06-24 - 2012-06-30,5,18
2012-07-01 - 2012-07-07,6,19
2012-07-08 - 2012-07-14,6,20
2012-07-15 - 2012-07-21,6,20
2012-07-22 - 2012-07-28,6,20
2012-07-29 - 2012-08-04,7,20
2012-08-05 - 2012-08-11,6,20
2012-08-12 - 2012-08-18,7,20
2012-08-19 - 2012-08-25,8,20
2012-08-26 - 2012-09-01,8,18
2012-09-02 - 2012-09-08,8,17
2012-09-09 - 2012-09-15,9,16
2012-09-16 - 2012-09-22,10,15
2012-09-23 - 2012-09-29,10,14
2012-09-30 - 2012-10-06,10,13
2012-10-07 - 2012-10-13,11,13
2012-10-14 - 2012-10-20,12,13
2012-10-21 - 2012-10-27,13,13
2012-10-28 - 2012-11-03,14,12
2012-11-04 - 2012-11-10,16,12
2012-11-11 - 2012-11-17,17,12
2012-11-18 - 2012-11-24,18,12
2012-11-25 - 2012-12-01,19,13
2012-12-02 - 2012-12-08,22,13
2012-12-09 - 2012-12-15,25,13
2012-12-16 - 2012-12-22,22,13
2012-12-23 - 2012-12-29,27,13
2012-12-30 - 2013-01-05,26,13
2013-01-06 - 2013-01-12,23,14
2013-01-13 - 2013-01-19,23,14
2013-01-20 - 2013-01-26,23,13
2013-01-27 - 2013-02-02,20,13
2013-02-03 - 2013-02-09,18,12
2013-02-10 - 2013-02-16,18,12
2013-02-17 - 2013-02-23,17,13
2013-02-24 - 2013-03-02,16,13
2013-03-03 - 2013-03-09,13,13
2013-03-10 - 2013-03-16,11,13
2013-03-17 - 2013-03-23,10,13
2013-03-24 - 2013-03-30,9,14
2013-03-31 - 2013-04-06,7,14
2013-04-07 - 2013-04-13,6,14
2013-04-14 - 2013-04-20,5,14
2013-04-21 - 2013-04-27,4,14
2013-04-28 - 2013-05-04,4,14
2013-05-05 - 2013-05-11,4,14
2013-05-12 - 2013-05-18,3,15
2013-05-19 - 2013-05-25,4,15
2013-05-26 - 2013-06-01,4,16
2013-06-02 - 2013-06-08,4,16
2013-06-09 - 2013-06-15,4,17
2013-06-16 - 2013-06-22,3,17
2013-06-23 - 2013-06-29,4,19
2013-06-30 - 2013-07-06,4,18
2013-07-07 - 2013-07-13,4,20
2013-07-14 - 2013-07-20,4,21
2013-07-21 - 2013-07-27,5,20
2013-07-28 - 2013-08-03,5,21
2013-08-04 - 2013-08-10,5,21
2013-08-11 - 2013-08-17,6,21
2013-08-18 - 2013-08-24,6,21
2013-08-25 - 2013-08-31,6,18
2013-09-01 - 2013-09-07,6,17
2013-09-08 - 2013-09-14,7,15
2013-09-15 - 2013-09-21,7,15
2013-09-22 - 2013-09-28,8,15
2013-09-29 - 2013-10-05,8,13
2013-10-06 - 2013-10-12,9,14
2013-10-13 - 2013-10-19,10,13
2013-10-20 - 2013-10-26,11,13
2013-10-27 - 2013-11-02,11,13
2013-11-03 - 2013-11-09,13,13
2013-11-10 - 2013-11-16,15,14
2013-11-17 - 2013-11-23,16,13
2013-11-24 - 2013-11-30,20,15
2013-12-01 - 2013-12-07,21,14
2013-12-08 - 2013-12-14,22,15
2013-12-15 - 2013-12-21,22,15
2013-12-22 - 2013-12-28,22,17
2013-12-29 - 2014-01-04,21,17
2014-01-05 - 2014-01-11,20,18
2014-01-12 - 2014-01-18,17,18
2014-01-19 - 2014-01-25,18,18
2014-01-26 - 2014-02-01,18,23
2014-02-02 - 2014-02-08,19,19
2014-02-09 - 2014-02-15,31,19
2014-02-16 - 2014-02-22,22,18
2014-02-23 - 2014-03-01,15,19
2014-03-02 - 2014-03-08,13,20
2014-03-09 - 2014-03-15,9,20
2014-03-16 - 2014-03-22,8,19
2014-03-23 - 2014-03-29,7,18
2014-03-30 - 2014-04-05,6,18
2014-04-06 - 2014-04-12,5,17
2014-04-13 - 2014-04-19,4,20
2014-04-20 - 2014-04-26,4,19
2014-04-27 - 2014-05-03,3,17
2014-05-04 - 2014-05-10,4,13
2014-05-11 - 2014-05-17, , 
2014-05-18 - 2014-05-24, , 
2014-05-25 - 2014-05-31, , 


Top regions for Snowboard
Region,Snowboard,Surfboard
Canada,100,12
Switzerland,92,9
New Zealand,91,56
Czech Republic,80,2
United States,71,37
Austria,71,7
Norway,70,7
Slovakia,68,0
Italy,55,5
Germany,51,9
Finland,50,2
Iceland,45,0
Lithuania,44,0
Poland,44,1
Australia,42,97
United Kingdom,40,19
Bulgaria,39,0
France,39,6
Sweden,39,5
Slovenia,38,3
Estonia,35,0
Latvia,34,0
Netherlands,34,12
Belgium,33,6
Spain,31,17
Luxembourg,29,0
Greece,26,4
Hungary,25,1
Chile,25,11
Denmark,24,5
Portugal,21,43
Romania,21,1
Croatia,14,0
Russia,13,1
Argentina,13,8
Ireland,13,20
Serbia,12,0
South Korea,12,3
Hong Kong,11,6
Brazil,8,28
Japan,8,3
Ukraine,8,0
Israel,6,19
Turkey,6,1
United Arab Emirates,6,5
Singapore,5,6
South Africa,5,26
Iran,5,0
Mexico,3,5
Venezuela,3,7
Peru,3,7
Philippines,3,8
Taiwan,3,2
Colombia,2,3
China,2,1
India,1,1
Thailand,1,2
Indonesia,1,3
Costa Rica,0,30
Dominican Republic,0,8
Ecuador,0,7
Guatemala,0,5
Jersey,0,100
Morocco,0,3
Malaysia,0,3
Panama,0,16
French Polynesia,0,95
Puerto Rico,0,35
El Salvador,0,9
Uruguay,0,18

Top regions for Surfboard
Region,Snowboard,Surfboard
Jersey,0,100
Australia,42,97
French Polynesia,0,95
New Zealand,91,56
Portugal,21,43
United States,71,37
Puerto Rico,0,35
Costa Rica,0,30
Brazil,8,28
South Africa,5,26
Ireland,13,20
Israel,6,19
United Kingdom,40,19
Uruguay,0,18
Spain,31,17
Panama,0,16
Canada,100,12
Netherlands,34,12
Chile,25,11
El Salvador,0,9
Germany,51,9
Switzerland,92,9
Argentina,13,8
Philippines,3,8
Dominican Republic,0,8
Austria,71,7
Ecuador,0,7
Venezuela,3,7
Peru,3,7
Norway,70,7
Singapore,5,6
Hong Kong,11,6
France,39,6
Belgium,33,6
Sweden,39,5
Italy,55,5
United Arab Emirates,6,5
Guatemala,0,5
Denmark,24,5
Mexico,3,5
Greece,26,4
Indonesia,1,3
Slovenia,38,3
Colombia,2,3
South Korea,12,3
Morocco,0,3
Japan,8,3
Malaysia,0,3
Thailand,1,2
Taiwan,3,2
Finland,50,2
Czech Republic,80,2
Hungary,25,1
Russia,13,1
India,1,1
Poland,44,1
Romania,21,1
China,2,1
Turkey,6,1
Bulgaria,39,0
Estonia,35,0
Croatia,14,0
Iran,5,0
Iceland,45,0
Lithuania,44,0
Luxembourg,29,0
Latvia,34,0
Serbia,12,0
Slovakia,68,0
Ukraine,8,0


Top cities for Snowboard
City,Snowboard
Salt Lake City (United States),100
Denver (United States),96
Calgary (Canada),83
Vancouver (Canada),82
Edmonton (Canada),74
Seattle (United States),70
Zurich (Switzerland),65
Auckland (New Zealand),53
Montreal (Canada),52
San Diego (United States),47
San Francisco (United States),46
Toronto (Canada),43
Munich (Germany),43
Milan (Italy),42
Boston (United States),42

Top cities for Surfboard
City,Surfboard
Honolulu (United States),100
San Diego (United States),66
Sydney (Australia),44
Brisbane (Australia),39
Los Angeles (United States),31
Irvine (United States),30
Auckland (New Zealand),26
Orlando (United States),23
Melbourne (Australia),23
Lisbon (Portugal),21
San Francisco (United States),20
Miami (United States),17
Rio de Janeiro (Brazil),15
Seattle (United States),12
SÃ£o Paulo (Brazil),12



Top searches for Snowboard
snowboard,100
snowboards,45
bindings,20
burton,20
ride,10
burton snowboard,10
snowboarding,10
snowboard boots,10
snowboard bindings,10
k2,5
burton snowboards,5
burton bindings,5
ride snowboards,5
ride snowboard,5
k2 snowboard,5
salomon,5
k2 snowboards,5
snowboard shop,5
snowboard sale,5
snow board,5
rossignol,5
nitro snowboard,0
flow bindings,0
flow snowboard,0
snow boards,0
snowboard reviews,0
cheap snowboards,0
snowboard brands,0
union bindings,0
rossignol snowboard,0
snowboards for sale,0
ride bindings,0
lib tech,0
snowboarding boots,0
sierra snowboard,0
forum snowboards,0
burton boards,0
k2 bindings,0
snowboard gear,0
snowboard gloves,0
arbor snowboards,0
snowboard helmets,0
tablas snow,0
capita snowboards,0
dakine,0
nitro snowboards,0
snow boots,0
rome snowboards,0
used snowboards,0
wakeboard bindings,0


Top searches for Surfboard
surfboards,100
surfboard,95
surf,80
paddle board,20
surf board,20
prancha,15
pranchas,10
surf boards,10
stand up,10
surfing,10
tablas surf,10
prancha surf,5
longboard,5
prancha de surf,5
tablas de surf,5
surfboards for sale,5
pranchas de surf,5
sup,5
surfboard beyonce,5
surfbrett,5
firewire,5
lost surfboards,5
sup board,5
channel islands,5
tabla surf,5
used surfboards,5
surfing board,5
firewire surfboards,0
longboards,0
fish surfboard,0
channel islands surfboards,0
rusty surfboards,0
surfboard rack,0
al merrick,0
paddle boards,0
js surfboards,0
fish surfboards,0
surfboard repair,0
surftech,0
cheap surfboards,0
surf wax,0
surfboard racks,0
surfboard design,0
al merrick surfboards,0
skim board,0
prancha stand up,0
surfboard designs,0
surfplank,0
paddleboard,0
surf report,0



Rising searches for Snowboard
union bindings,Breakout
sierra snowboard,+900%
snowboard brands,+190%
lib tech,+170%
dakine,+90%
burton bindings,+70%
snowboard helmets,+50%
burton snowboard,+40%
k2 bindings,+40%
snowboards for sale,+40%


Rising searches for Surfboard
stand up,Breakout
sup,Breakout
sup board,Breakout
surfboard beyonce,Breakout
paddle board,+4,550%
firewire,+900%
prancha,+190%
prancha de surf,+170%
prancha surf,+140%
tabla surf,+130%



